TrackName,ArtistName,PlayedAt
Two Moons,EXO-K,07/09/2025 13:29:01
Machine,EXO-K,07/09/2025 13:25:37
Moonlight,EXO-K,07/09/2025 13:21:11
중독 (Overdose),EXO-K,07/09/2025 13:17:45
HISTORY,EXO-K,07/09/2025 13:14:15
What Is Love,EXO-K,07/09/2025 13:09:54
ANGEL,EXO-K,07/09/2025 13:06:53
Run,EXO-K,07/09/2025 13:03:17
"Love, Love, Love",EXO-K,07/09/2025 12:59:23
MAMA,EXO-K,07/09/2025 12:54:53
MAMA,EXO-K,07/09/2025 12:48:39
My Blood,twenty one pilots,07/09/2025 12:43:07
Night Drive,Zombie Girl,07/09/2025 12:40:46
"The Star,To You 17Years Old",Nastyona,07/09/2025 12:38:27
ヴァルゴ,kiichi,07/09/2025 12:34:06
[$(100)$],PsiAngel,07/09/2025 12:30:55
Dawn of f@ilur3,$i#dzy,07/09/2025 12:28:16
WooWa,DIA,07/08/2025 14:59:51
